second,app.bsky.feed.like,app.bsky.feed.post,app.bsky.graph.follow
2026-06-10 10:52:26+00:00,185,39,22
2026-06-10 10:52:27+00:00,191,27,32
2026-06-10 10:52:28+00:00,183,45,22
2026-06-10 10:52:29+00:00,189,34,29
2026-06-10 10:52:30+00:00,181,46,25
2026-06-10 10:52:31+00:00,167,44,19
2026-06-10 10:52:32+00:00,234,48,22
2026-06-10 10:52:33+00:00,174,50,11
2026-06-10 10:52:34+00:00,206,36,24
2026-06-10 10:52:35+00:00,167,53,34
2026-06-10 10:52:36+00:00,182,44,20
2026-06-10 10:52:37+00:00,170,59,13
2026-06-10 10:52:38+00:00,187,38,18
2026-06-10 10:52:39+00:00,176,41,14
2026-06-10 10:52:40+00:00,201,42,17
2026-06-10 10:52:41+00:00,180,34,17
2026-06-10 10:52:42+00:00,203,32,29
2026-06-10 10:52:43+00:00,183,32,18
2026-06-10 10:52:44+00:00,192,36,26
2026-06-10 10:52:45+00:00,176,40,30
2026-06-10 10:52:46+00:00,197,39,18
2026-06-10 10:52:47+00:00,204,30,22
2026-06-10 10:52:48+00:00,210,46,27
2026-06-10 10:52:49+00:00,186,30,28
2026-06-10 10:52:50+00:00,164,60,12
2026-06-10 10:52:51+00:00,186,36,20
2026-06-10 10:52:52+00:00,180,50,20
2026-06-10 10:52:53+00:00,159,30,23
2026-06-10 10:52:54+00:00,200,36,21
2026-06-10 10:52:55+00:00,212,44,20
2026-06-10 10:52:56+00:00,174,34,18
2026-06-10 10:52:57+00:00,165,35,22
2026-06-10 10:52:58+00:00,201,35,22
2026-06-10 10:52:59+00:00,190,37,25
2026-06-10 10:53:00+00:00,173,32,17
2026-06-10 10:53:01+00:00,159,26,17
2026-06-10 10:53:02+00:00,68,21,8
2026-06-10 10:53:03+00:00,166,28,16
2026-06-10 10:53:04+00:00,137,22,15
2026-06-10 10:53:05+00:00,275,57,21
2026-06-10 10:53:06+00:00,318,66,39
2026-06-10 10:53:07+00:00,212,45,32
2026-06-10 10:53:08+00:00,188,27,19
2026-06-10 10:53:09+00:00,178,40,22
2026-06-10 10:53:10+00:00,224,36,16
2026-06-10 10:53:11+00:00,186,31,24
2026-06-10 10:53:12+00:00,195,40,12
2026-06-10 10:53:13+00:00,180,41,17
2026-06-10 10:53:14+00:00,215,43,13
2026-06-10 10:53:15+00:00,202,38,13
2026-06-10 10:53:16+00:00,179,44,50
2026-06-10 10:53:17+00:00,208,48,14
2026-06-10 10:53:18+00:00,182,38,72
2026-06-10 10:53:19+00:00,192,49,19
2026-06-10 10:53:20+00:00,181,27,18
2026-06-10 10:53:21+00:00,193,41,8
2026-06-10 10:53:22+00:00,202,43,24
2026-06-10 10:53:23+00:00,184,37,14
